2026-06-03 15:32:00,cargo1,0,2,CLIMB,1,1,0,5,76,4.2,0.0,9.6,,0
2026-06-03 15:32:00,cargo1,1,2,CLIMB,1,1,1,5,76,4.2,0.0,9.2,,0
2026-06-03 15:32:01,cargo1,1,2,CLIMB,1,1,1,5,76,4.2,0.0,9.2,,0
2026-06-03 15:32:01,cargo1,1,2,CLIMB,1,1,1,5,76,4.2,0.0,9.2,,0
2026-06-03 15:32:29,cargo3,0,2,CLIMB,1,1,1,5,73,8.6,6.3,13.9,,0
2026-06-03 15:32:29,cargo3,1,2,CLIMB,1,1,2,5,73,8.6,6.3,13.9,,0
2026-06-03 15:32:30,cargo3,1,2,CLIMB,1,1,2,5,73,8.6,6.3,13.9,,0
2026-06-03 15:32:30,cargo3,1,2,CLIMB,1,1,2,5,73,8.6,6.3,13.9,,0
2026-06-03 15:32:30,cargo3,1,2,CLIMB,1,1,2,5,73,8.6,6.3,13.9,,0
2026-06-03 15:32:30,cargo3,1,2,CLIMB,1,1,2,5,73,8.6,6.3,13.9,,0
2026-06-03 15:32:31,cargo3,1,2,CLIMB,1,1,2,5,73,8.6,6.3,14.1,,0
2026-06-03 15:32:31,cargo3,1,2,CLIMB,1,1,2,5,73,8.6,6.3,14.4,,0
2026-06-03 15:32:31,cargo3,1,2,CLIMB,1,1,2,5,73,8.6,6.3,14.7,,0
2026-06-03 15:32:31,cargo3,1,2,CLIMB,1,1,2,5,73,8.6,6.3,14.9,,0
2026-06-03 15:32:32,cargo3,1,2,CLIMB,1,1,2,5,73,8.6,6.3,15.2,,0
2026-06-03 15:32:32,cargo3,1,2,CLIMB,1,1,2,5,73,8.6,6.3,15.5,,0
2026-06-03 15:32:32,cargo3,1,2,CLIMB,1,1,2,5,73,8.6,6.3,15.8,,0
2026-06-03 15:32:32,cargo3,1,2,CLIMB,1,1,2,5,73,8.6,6.3,16.0,,0
2026-06-03 15:32:33,cargo3,1,2,CLIMB,1,1,2,5,73,8.6,6.3,16.3,,0
2026-06-03 15:32:33,cargo3,1,2,CLIMB,1,1,2,5,73,8.6,6.3,16.6,,0
2026-06-03 15:32:33,cargo3,1,2,CLIMB,1,1,2,5,73,8.6,6.3,16.8,,0
2026-06-03 15:32:34,cargo3,1,2,CLIMB,1,1,2,5,73,8.6,6.3,17.0,,0
2026-06-03 15:32:34,cargo3,1,2,CLIMB,1,1,2,5,73,8.6,6.3,17.0,,0
2026-06-03 15:32:34,cargo3,1,2,CLIMB,1,1,2,5,73,8.6,6.3,17.2,,0
2026-06-03 15:32:34,cargo3,1,2,CLIMB,1,1,2,5,73,8.6,6.3,17.2,,0
2026-06-03 15:32:35,cargo3,1,2,CLIMB,1,1,2,5,73,8.6,6.3,17.4,,0
2026-06-03 15:32:35,cargo3,1,2,CLIMB,1,1,2,5,73,8.6,6.3,17.6,,0
2026-06-03 15:32:35,cargo3,1,2,CLIMB,1,1,2,5,73,8.6,6.3,17.9,,0
2026-06-03 15:32:35,cargo3,1,2,CLIMB,1,1,2,5,73,8.6,6.3,18.2,,0
2026-06-03 15:32:36,cargo3,1,2,CLIMB,1,1,2,5,73,8.6,6.3,18.4,,0
2026-06-03 15:32:36,cargo3,1,2,CLIMB,1,1,2,5,73,8.6,6.3,18.7,,0
2026-06-03 15:32:37,cargo3,1,2,CLIMB,1,1,2,5,73,8.6,6.3,18.7,,0
2026-06-03 15:33:00,cargo5,0,2,CLIMB,1,1,2,5,71,12.5,6.3,26.6,,0
2026-06-03 15:33:00,cargo5,1,2,CLIMB,1,1,3,5,71,12.5,6.3,26.6,,0
2026-06-03 15:33:01,cargo5,1,2,CLIMB,1,1,3,5,71,12.5,6.3,26.6,,0
2026-06-03 15:33:01,cargo5,1,2,CLIMB,1,1,3,5,71,12.5,6.3,26.6,,0
2026-06-03 15:33:01,cargo5,1,2,CLIMB,1,1,3,5,71,12.5,6.3,26.6,,0
2026-06-03 15:33:02,cargo5,1,2,CLIMB,1,1,3,5,71,12.5,6.3,26.6,,0
2026-06-03 15:33:03,cargo5,1,2,CLIMB,1,1,3,5,71,12.5,6.3,28.1,,0
2026-06-03 15:33:04,cargo5,1,2,CLIMB,1,1,3,5,71,12.5,6.3,28.4,,0
2026-06-03 15:33:04,cargo5,1,2,CLIMB,1,1,3,5,71,12.5,6.3,28.8,,0
2026-06-03 15:33:04,cargo5,1,2,CLIMB,1,1,3,5,71,12.5,6.3,29.1,,0
2026-06-03 15:33:04,cargo5,1,2,CLIMB,1,1,3,5,71,12.5,6.3,29.3,,0
2026-06-03 15:33:05,cargo5,1,2,CLIMB,1,1,3,5,71,12.5,6.3,29.3,,0
2026-06-03 15:33:05,cargo5,1,2,CLIMB,1,1,3,5,71,12.8,6.3,29.3,,0
2026-06-03 15:33:05,cargo5,1,2,CLIMB,1,1,3,5,71,13.0,6.3,29.3,,0
2026-06-03 15:33:06,cargo5,1,2,CLIMB,1,1,3,5,71,13.5,6.3,29.3,,0
2026-06-03 15:33:06,cargo5,1,2,CLIMB,1,1,3,5,71,13.8,6.3,29.3,,0
2026-06-03 15:33:06,cargo5,1,2,CLIMB,1,1,3,5,71,14.0,6.3,29.3,,0
2026-06-03 15:33:06,cargo5,1,2,CLIMB,1,1,3,5,71,14.0,6.3,29.3,,0
2026-06-03 15:33:07,cargo5,1,2,CLIMB,1,1,3,5,71,14.0,6.3,29.3,,0
2026-06-03 15:33:07,cargo5,1,2,CLIMB,1,1,3,5,71,14.0,6.3,29.3,,0
2026-06-03 15:33:08,cargo5,1,2,CLIMB,1,1,3,5,71,14.4,6.3,29.3,,0
2026-06-03 15:33:08,cargo5,1,2,CLIMB,1,1,3,5,71,14.4,6.3,29.3,,0
2026-06-03 15:33:08,cargo5,1,2,CLIMB,1,1,3,5,71,14.4,6.3,29.3,,0
2026-06-03 15:33:09,cargo5,1,2,CLIMB,1,1,3,5,71,14.4,6.3,29.3,,0
2026-06-03 15:33:10,cargo5,1,2,CLIMB,1,1,3,5,71,14.4,6.3,29.3,,0
2026-06-03 15:33:10,cargo5,1,2,CLIMB,1,1,3,5,71,14.4,6.3,29.3,,0
2026-06-03 15:33:11,cargo5,1,2,CLIMB,1,1,3,5,71,14.4,6.3,29.3,,0
2026-06-03 15:33:17,cargo6,0,2,CLIMB,1,1,3,5,70,14.4,6.3,29.3,,0
2026-06-03 15:33:17,cargo6,1,2,CLIMB,1,1,4,5,70,14.4,6.3,29.3,,0
2026-06-03 15:33:17,cargo6,1,2,CLIMB,1,1,4,5,70,14.4,6.3,29.3,,0
2026-06-03 15:33:17,cargo6,1,2,CLIMB,1,1,4,5,70,14.4,6.3,29.3,,0
2026-06-03 15:33:18,cargo6,1,2,CLIMB,1,1,4,5,70,14.4,6.3,29.3,,0
2026-06-03 15:33:18,cargo6,1,2,CLIMB,1,1,4,5,70,14.4,6.3,29.3,,0
2026-06-03 15:33:18,cargo6,1,2,CLIMB,1,1,4,5,70,14.4,6.3,29.3,,0
2026-06-03 15:33:18,cargo6,1,2,CLIMB,1,1,4,5,70,14.4,6.3,29.3,,0
2026-06-03 15:33:19,cargo6,1,2,CLIMB,1,1,4,5,70,14.4,6.3,29.3,,0
2026-06-03 15:33:19,cargo6,1,2,CLIMB,1,1,4,5,70,14.4,6.3,29.3,,0
2026-06-03 15:33:19,cargo6,1,2,CLIMB,1,1,4,5,70,14.4,6.3,29.4,,0
2026-06-03 15:33:19,cargo6,1,2,CLIMB,1,1,4,5,70,14.4,6.3,29.6,,0
2026-06-03 15:33:20,cargo6,1,2,CLIMB,1,1,4,5,70,14.4,6.2,29.9,,0
2026-06-03 15:33:20,cargo6,1,2,CLIMB,1,1,4,5,70,14.4,6.0,30.1,,0
2026-06-03 15:33:42,cargo2,0,2,CLIMB,1,1,4,5,68,17.7,8.8,38.2,,0
2026-06-03 15:34:20,cargo4,0,2,CLIMB,1,2,0,5,62,18.1,12.1,39.1,,0
2026-06-03 15:34:21,cargo4,1,2,CLIMB,1,2,1,5,62,18.5,12.1,39.1,,0
2026-06-03 15:34:21,cargo4,1,2,CLIMB,1,2,1,5,62,19.1,12.1,39.1,,0
2026-06-03 15:34:21,cargo4,1,2,CLIMB,1,2,1,5,62,19.7,12.1,39.1,,0
2026-06-03 15:34:21,cargo4,1,2,CLIMB,1,2,1,5,62,19.9,12.1,39.1,,0
2026-06-03 15:34:22,cargo4,1,2,CLIMB,1,2,1,5,62,20.2,12.1,38.8,,0
2026-06-03 15:34:25,cargo4,1,2,CLIMB,1,2,1,5,62,20.2,12.1,35.8,,0
2026-06-03 15:34:26,cargo4,1,2,CLIMB,1,2,1,5,62,20.2,12.1,35.1,,0
2026-06-03 15:34:28,cargo4,1,2,CLIMB,1,2,1,5,62,20.2,12.1,33.2,,0
2026-06-03 15:34:38,057324,0,2,CLIMB,1,2,1,5,61,17.1,12.1,28.7,"(462, 0, 638, 101)",17776
2026-06-03 15:35:58,cargo9,0,2,CLIMB,1,2,2,5,48,-15.2,10.1,24.3,,0
2026-06-03 15:35:58,cargo9,1,2,CLIMB,1,2,3,5,48,-15.2,10.1,24.3,,0
2026-06-03 15:35:59,cargo9,1,2,CLIMB,1,2,3,5,48,-14.9,10.1,24.3,,0
2026-06-03 15:35:59,cargo9,1,2,CLIMB,1,2,3,5,48,-14.6,10.1,24.3,,0
2026-06-03 15:35:59,cargo9,1,2,CLIMB,1,2,3,5,48,-14.4,10.1,24.3,,0
2026-06-03 15:35:59,cargo9,1,2,CLIMB,1,2,3,5,48,-14.4,10.1,24.3,,0
2026-06-03 15:36:00,cargo9,1,2,CLIMB,1,2,3,5,48,-14.4,10.1,24.3,,0
2026-06-03 15:36:00,cargo9,1,2,CLIMB,1,2,3,5,48,-14.4,10.1,24.3,,0
2026-06-03 15:36:00,cargo9,1,2,CLIMB,1,2,3,5,48,-14.4,10.1,24.3,,0
2026-06-03 15:36:01,cargo9,1,2,CLIMB,1,2,3,5,48,-14.4,10.1,24.3,,0
2026-06-03 15:36:01,cargo9,1,2,CLIMB,1,2,3,5,48,-14.4,10.1,24.3,,0
2026-06-03 15:36:01,cargo9,1,2,CLIMB,1,2,3,5,48,-14.4,10.1,24.3,,0
2026-06-03 15:36:01,cargo9,1,2,CLIMB,1,2,3,5,48,-14.4,10.1,24.1,,0
2026-06-03 15:36:02,cargo9,1,2,CLIMB,1,2,3,5,48,-14.4,10.1,23.8,,0
2026-06-03 15:36:02,cargo9,1,2,CLIMB,1,2,3,5,48,-14.4,10.1,23.5,,0
2026-06-03 15:36:02,cargo9,1,2,CLIMB,1,2,3,5,48,-14.4,10.1,23.3,,0
2026-06-03 15:36:02,cargo9,1,2,CLIMB,1,2,3,5,48,-14.4,10.1,23.0,,0
2026-06-03 15:36:03,cargo9,1,2,CLIMB,1,2,3,5,48,-14.4,10.1,22.7,,0
2026-06-03 15:36:03,cargo9,1,2,CLIMB,1,2,3,5,48,-14.4,10.1,22.4,,0
2026-06-03 15:36:03,cargo9,1,2,CLIMB,1,2,3,5,48,-14.4,10.1,22.4,,0
2026-06-03 15:36:04,cargo9,1,2,CLIMB,1,2,3,5,48,-14.4,10.1,22.4,,0
2026-06-03 15:36:04,cargo9,1,2,CLIMB,1,2,3,5,48,-14.4,10.1,22.4,,0
2026-06-03 15:36:04,cargo9,1,2,CLIMB,1,2,3,5,47,-14.4,10.1,22.4,,0
2026-06-03 15:36:04,cargo9,1,2,CLIMB,1,2,3,5,47,-14.4,10.1,22.4,,0
2026-06-03 15:36:05,cargo9,1,2,CLIMB,1,2,3,5,47,-14.4,10.1,22.4,,0
2026-06-03 15:36:05,cargo9,1,2,CLIMB,1,2,3,5,47,-14.4,10.1,22.4,,0
2026-06-03 15:36:05,cargo9,1,2,CLIMB,1,2,3,5,47,-14.4,10.1,22.1,,0
2026-06-03 15:36:06,cargo9,1,2,CLIMB,1,2,3,5,47,-14.4,10.1,21.8,,0
2026-06-03 15:36:06,cargo9,1,2,CLIMB,1,2,3,5,47,-14.4,10.0,21.5,,0
2026-06-03 15:36:06,cargo9,1,2,CLIMB,1,2,3,5,47,-14.4,10.0,21.3,,0
2026-06-03 15:36:06,cargo9,1,2,CLIMB,1,2,3,5,47,-14.5,10.0,21.3,,0
2026-06-03 15:36:07,cargo9,1,2,CLIMB,1,2,3,5,47,-14.7,10.0,21.3,,0
2026-06-03 15:36:07,cargo9,1,2,CLIMB,1,2,3,5,47,-14.7,10.0,21.3,,0
2026-06-03 15:36:07,cargo9,1,2,CLIMB,1,2,3,5,47,-14.7,10.0,21.3,,0
2026-06-03 15:36:08,cargo9,1,2,CLIMB,1,2,3,5,47,-14.7,10.0,21.3,,0
2026-06-03 15:36:21,cargo8,0,2,CLIMB,1,2,3,5,45,-17.6,5.8,15.2,,0
2026-06-03 15:36:22,cargo8,1,2,CLIMB,1,2,4,5,44,-17.6,5.8,14.9,,0
2026-06-03 15:36:23,cargo8,1,2,CLIMB,1,2,4,5,44,-17.6,5.8,14.1,,0
2026-06-03 15:36:23,cargo8,1,2,CLIMB,1,2,4,5,44,-17.6,5.8,13.5,,0
2026-06-03 15:36:24,cargo8,1,2,CLIMB,1,2,4,5,44,-17.6,5.8,13.1,,0
2026-06-03 15:36:24,cargo8,1,2,CLIMB,1,2,4,5,44,-17.6,5.8,13.1,,0
2026-06-03 15:36:24,cargo8,1,2,CLIMB,1,2,4,5,44,-17.9,5.8,12.8,,0
2026-06-03 15:36:24,cargo8,1,2,CLIMB,1,2,4,5,44,-18.2,5.8,12.8,,0
2026-06-03 15:36:25,cargo8,1,2,CLIMB,1,2,4,5,44,-18.3,5.8,12.8,,0
2026-06-03 15:36:25,cargo8,1,2,CLIMB,1,2,4,5,44,-18.6,5.8,12.8,,0
2026-06-03 15:36:25,cargo8,1,2,CLIMB,1,2,4,5,44,-18.9,5.8,12.8,,0
2026-06-03 15:36:26,cargo8,1,2,CLIMB,1,2,4,5,44,-19.1,5.8,12.8,,0
2026-06-03 15:36:26,cargo8,1,2,CLIMB,1,2,4,5,44,-19.4,5.8,12.8,,0
2026-06-03 15:36:26,cargo8,1,2,CLIMB,1,2,4,5,44,-20.0,5.8,12.8,,0
2026-06-03 15:36:26,cargo8,1,2,CLIMB,1,2,4,5,43,-20.5,5.8,12.8,,0
2026-06-03 15:36:26,cargo8,1,2,CLIMB,1,2,4,5,43,-21.0,5.8,12.8,,0
2026-06-03 15:36:27,cargo8,1,2,CLIMB,1,2,4,5,43,-21.5,5.8,12.8,,0
2026-06-03 15:36:27,cargo8,1,2,CLIMB,1,2,4,5,43,-21.8,5.8,12.8,,0
2026-06-03 15:36:27,cargo8,1,2,CLIMB,1,2,4,5,43,-21.9,5.8,12.8,,0
2026-06-03 15:36:43,cargo7,0,2,CLIMB,1,2,4,5,40,-26.4,9.7,8.6,,0
2026-06-03 15:42:12,cargo1,0,2,CLIMB,1,1,0,5,70,0.9,-3.6,2.4,,0
2026-06-03 15:42:12,cargo1,1,2,CLIMB,1,1,1,5,70,1.2,-3.6,3.0,,0
2026-06-03 15:42:13,cargo1,1,2,CLIMB,1,1,1,5,69,1.5,-3.6,3.7,,0
2026-06-03 15:42:13,cargo1,1,2,CLIMB,1,1,1,5,69,1.5,-3.6,4.3,,0
2026-06-03 15:42:14,cargo1,1,2,CLIMB,1,1,1,5,69,1.5,-3.6,4.6,,0
2026-06-03 15:42:14,cargo1,1,2,CLIMB,1,1,1,5,69,1.5,-3.6,4.9,,0
2026-06-03 15:42:15,cargo1,1,2,CLIMB,1,1,1,5,69,1.5,-3.6,5.5,,0
2026-06-03 15:42:15,cargo1,1,2,CLIMB,1,1,1,5,68,1.5,-3.6,5.8,,0
2026-06-03 15:42:16,cargo1,1,2,CLIMB,1,1,1,5,68,1.5,-3.6,6.1,,0
2026-06-03 15:42:17,cargo1,1,2,CLIMB,1,1,1,5,67,2.3,-3.6,7.6,,0
2026-06-03 15:42:18,cargo3,1,2,CLIMB,1,1,1,5,67,3.0,-3.6,8.9,,0
2026-06-03 15:42:20,cargo3,1,2,CLIMB,1,1,2,5,66,5.4,-3.6,13.8,,0
2026-06-03 15:42:34,cargo5,1,2,CLIMB,1,1,2,5,59,17.7,-3.6,18.0,,0
2026-06-03 15:42:34,cargo5,1,2,CLIMB,1,1,3,5,59,17.7,-3.6,17.2,,0
2026-06-03 15:42:35,cargo5,1,2,CLIMB,1,1,3,5,58,17.4,-3.6,16.9,,0
2026-06-03 15:42:37,cargo5,1,2,CLIMB,1,1,3,5,57,18.3,-3.6,19.4,,0
2026-06-03 15:42:39,cargo6,1,2,CLIMB,1,1,3,5,56,19.3,-3.6,21.3,,0
2026-06-03 15:42:40,cargo6,1,2,CLIMB,1,1,4,5,56,19.9,-3.6,22.5,,0
2026-06-03 15:42:42,cargo6,1,2,CLIMB,1,1,4,5,55,22.2,-3.6,27.2,,0
2026-06-03 15:42:42,cargo6,1,2,CLIMB,1,1,4,5,55,22.9,-3.6,28.5,,0
2026-06-03 15:42:43,cargo2,1,2,CLIMB,1,1,4,5,54,23.5,-3.6,29.8,,0
2026-06-03 15:42:57,cargo4,1,2,CLIMB,1,2,0,5,52,23.1,-3.6,28.8,,0
2026-06-03 15:42:58,cargo4,1,2,CLIMB,1,2,1,5,52,23.1,-3.6,28.8,,0
2026-06-03 15:42:58,cargo4,1,2,CLIMB,1,2,1,5,52,23.1,-3.6,28.8,,0
2026-06-03 15:42:59,cargo4,1,2,CLIMB,1,2,1,5,52,23.1,-3.6,28.1,,0
2026-06-03 15:43:05,cargo12,0,2,CLIMB,1,2,1,5,51,19.1,-3.6,21.0,,0
2026-06-03 15:43:06,cargo12,1,2,CLIMB,1,2,2,5,51,19.1,-3.6,21.0,,0
2026-06-03 15:43:06,cargo12,1,2,CLIMB,1,2,2,5,51,19.1,-3.6,20.4,,0
2026-06-03 15:43:08,cargo12,1,2,CLIMB,1,2,2,5,51,17.8,-3.6,18.4,,0
2026-06-03 15:43:10,cargo9,1,2,CLIMB,1,2,2,5,51,16.9,-3.6,16.6,,0
2026-06-03 15:43:10,cargo9,1,2,CLIMB,1,2,3,5,51,16.3,-3.6,16.6,,0
2026-06-03 15:43:11,cargo9,1,2,CLIMB,1,2,3,5,51,15.9,-3.6,16.6,,0
2026-06-03 15:43:11,cargo9,1,2,CLIMB,1,2,3,5,51,15.5,-3.6,16.2,,0
2026-06-03 15:43:11,cargo9,1,2,CLIMB,1,2,3,5,51,14.8,-3.6,15.6,,0
2026-06-03 15:43:12,cargo9,1,2,CLIMB,1,2,3,5,51,14.6,-3.6,15.2,,0
2026-06-03 15:43:12,cargo9,1,2,CLIMB,1,2,3,5,51,14.4,-3.6,14.7,,0
2026-06-03 15:43:12,cargo9,1,2,CLIMB,1,2,3,5,51,14.2,-3.6,14.3,,0
2026-06-03 15:43:12,cargo9,1,2,CLIMB,1,2,3,5,51,14.0,-3.6,13.8,,0
2026-06-03 15:43:13,cargo9,1,2,CLIMB,1,2,3,5,51,13.7,-3.6,13.4,,0
2026-06-03 15:43:13,cargo9,1,2,CLIMB,1,2,3,5,51,13.5,-3.6,12.8,,0
2026-06-03 15:43:13,cargo9,1,2,CLIMB,1,2,3,5,51,13.2,-3.6,12.3,,0
2026-06-03 15:43:17,cargo8,1,2,CLIMB,1,2,3,5,50,9.4,-3.6,4.7,,0
2026-06-03 15:43:17,cargo8,1,2,CLIMB,1,2,4,5,50,9.4,-3.6,4.7,,0
2026-06-03 15:43:17,cargo8,1,2,CLIMB,1,2,4,5,50,9.4,-3.6,4.7,,0
2026-06-03 15:43:17,cargo8,1,2,CLIMB,1,2,4,5,50,9.4,-3.6,4.7,,0
2026-06-03 15:43:18,cargo8,1,2,CLIMB,1,2,4,5,50,9.4,-3.6,4.7,,0
2026-06-03 15:43:18,cargo8,1,2,CLIMB,1,2,4,5,50,9.4,-3.6,4.7,,0
2026-06-03 15:43:18,cargo8,1,2,CLIMB,1,2,4,5,50,9.4,-3.6,4.7,,0
2026-06-03 15:43:18,cargo8,1,2,CLIMB,1,2,4,5,50,9.4,-3.6,4.5,,0
2026-06-03 15:43:19,cargo8,1,2,CLIMB,1,2,4,5,50,9.4,-3.6,4.2,,0
2026-06-03 15:43:21,cargo7,1,2,CLIMB,1,2,4,5,50,9.4,-3.6,0.5,,0
2026-06-03 16:07:26,cargo1,1,2,CLIMB,1,1,0,5,78,0.0,-1.8,0.0,,0
2026-06-03 16:07:27,cargo1,1,2,CLIMB,1,1,1,5,78,0.0,-1.8,0.0,,0
2026-06-03 16:07:27,cargo1,1,2,CLIMB,1,1,1,5,77,0.0,-1.8,0.0,,0
2026-06-03 16:07:34,cargo3,1,2,CLIMB,1,1,1,5,74,0.0,-3.2,0.0,,0
2026-06-03 16:07:34,cargo3,1,2,CLIMB,1,1,2,5,74,0.0,-3.2,0.0,,0
2026-06-03 16:07:34,cargo3,1,2,CLIMB,1,1,2,5,74,0.0,-3.2,0.0,,0
2026-06-03 16:07:34,cargo3,1,2,CLIMB,1,1,2,5,74,0.0,-3.2,0.0,,0
2026-06-03 16:07:34,cargo3,1,2,CLIMB,1,1,2,5,74,0.0,-3.2,0.0,,0
2026-06-03 16:07:34,cargo3,1,2,CLIMB,1,1,2,5,74,0.0,-3.2,0.0,,0
2026-06-03 16:07:34,cargo3,1,2,CLIMB,1,1,2,5,74,0.0,-3.2,0.0,,0
2026-06-03 16:07:34,cargo3,1,2,CLIMB,1,1,2,5,74,0.0,-3.2,0.0,,0
2026-06-03 16:07:34,cargo3,1,2,CLIMB,1,1,2,5,74,0.0,-3.2,0.0,,0
2026-06-03 16:07:34,cargo3,1,2,CLIMB,1,1,2,5,74,0.0,-3.2,0.0,,0
2026-06-03 16:07:34,cargo3,1,2,CLIMB,1,1,2,5,74,0.0,-3.2,0.0,,0
2026-06-03 16:07:35,cargo3,1,2,CLIMB,1,1,2,5,74,0.0,-3.2,0.0,,0
2026-06-03 16:07:35,cargo3,1,2,CLIMB,1,1,2,5,74,0.0,-3.2,0.0,,0
2026-06-03 16:07:35,cargo3,1,2,CLIMB,1,1,2,5,74,0.0,-3.2,0.0,,0
2026-06-03 16:07:35,cargo3,1,2,CLIMB,1,1,2,5,73,0.0,-3.2,0.0,,0
2026-06-03 16:07:35,cargo3,1,2,CLIMB,1,1,2,5,73,0.0,-3.2,0.0,,0
2026-06-03 16:07:35,cargo3,1,2,CLIMB,1,1,2,5,73,0.0,-3.2,0.0,,0
2026-06-03 16:07:35,cargo3,1,2,CLIMB,1,1,2,5,73,0.0,-3.2,0.0,,0
2026-06-03 16:07:35,cargo3,1,2,CLIMB,1,1,2,5,73,0.0,-3.2,0.0,,0
2026-06-03 16:07:35,cargo3,1,2,CLIMB,1,1,2,5,73,0.0,-3.2,0.0,,0
2026-06-03 16:07:35,cargo3,1,2,CLIMB,1,1,2,5,73,0.0,-3.2,0.0,,0
2026-06-03 16:07:35,cargo3,1,2,CLIMB,1,1,2,5,73,0.0,-3.2,0.0,,0
2026-06-03 16:07:35,cargo3,1,2,CLIMB,1,1,2,5,73,0.0,-3.2,0.0,,0
2026-06-03 16:07:36,cargo3,1,2,CLIMB,1,1,2,5,73,0.0,-3.2,0.0,,0
2026-06-03 16:07:36,cargo3,1,2,CLIMB,1,1,2,5,73,0.0,-3.2,0.0,,0
2026-06-03 16:07:36,cargo3,1,2,CLIMB,1,1,2,5,73,0.0,-3.2,0.0,,0
2026-06-03 16:07:36,cargo3,1,2,CLIMB,1,1,2,5,73,0.0,-3.2,0.0,,0
2026-06-03 16:07:54,cargo5,1,2,CLIMB,1,1,2,5,64,2.0,-2.5,2.0,,0
2026-06-03 16:07:54,cargo5,1,2,CLIMB,1,1,3,5,64,2.1,-2.5,2.0,,0
2026-06-03 16:07:55,cargo5,1,2,CLIMB,1,1,3,5,64,2.1,-2.5,2.0,,0
2026-06-03 16:07:55,cargo5,1,2,CLIMB,1,1,3,5,64,2.1,-2.5,2.0,,0
2026-06-03 16:07:55,cargo5,1,2,CLIMB,1,1,3,5,63,2.1,-2.5,2.0,,0
2026-06-03 16:07:55,cargo5,1,2,CLIMB,1,1,3,5,63,2.2,-2.5,2.0,,0
2026-06-03 16:07:55,cargo5,1,2,CLIMB,1,1,3,5,63,2.3,-2.5,2.0,,0
2026-06-03 16:07:55,cargo5,1,2,CLIMB,1,1,3,5,63,2.3,-2.5,2.0,,0
2026-06-03 16:07:55,cargo5,1,2,CLIMB,1,1,3,5,63,2.3,-2.5,2.0,,0
2026-06-03 16:07:55,cargo5,1,2,CLIMB,1,1,3,5,63,2.3,-2.5,2.0,,0
2026-06-03 16:07:55,cargo5,1,2,CLIMB,1,1,3,5,63,2.3,-2.5,2.0,,0
2026-06-03 16:07:56,cargo5,1,2,CLIMB,1,1,3,5,63,2.3,-2.5,2.0,,0
2026-06-03 16:07:56,cargo5,1,2,CLIMB,1,1,3,5,63,2.3,-2.5,2.1,,0
2026-06-03 16:07:56,cargo5,1,2,CLIMB,1,1,3,5,63,2.3,-2.5,2.2,,0
2026-06-03 16:07:56,cargo5,1,2,CLIMB,1,1,3,5,63,2.3,-2.5,2.3,,0
2026-06-03 16:07:56,cargo5,1,2,CLIMB,1,1,3,5,63,2.3,-2.5,2.4,,0
2026-06-03 16:07:56,cargo5,1,2,CLIMB,1,1,3,5,63,2.3,-2.5,2.4,,0
2026-06-03 16:07:56,cargo5,1,2,CLIMB,1,1,3,5,63,2.3,-2.5,2.7,,0
2026-06-03 16:07:56,cargo5,1,2,CLIMB,1,1,3,5,63,2.3,-2.5,2.8,,0
2026-06-03 16:07:56,cargo5,1,2,CLIMB,1,1,3,5,63,2.3,-2.5,2.9,,0
2026-06-03 16:07:57,cargo5,1,2,CLIMB,1,1,3,5,63,2.3,-2.5,3.0,,0
2026-06-03 16:07:57,cargo5,1,2,CLIMB,1,1,3,5,62,2.4,-2.5,3.1,,0
2026-06-03 16:07:57,cargo5,1,2,CLIMB,1,1,3,5,62,2.7,-2.5,3.1,,0
2026-06-03 16:07:57,cargo5,1,2,CLIMB,1,1,3,5,62,2.7,-2.5,3.1,,0
2026-06-03 16:07:57,cargo5,1,2,CLIMB,1,1,3,5,62,2.7,-2.5,3.1,,0
2026-06-03 16:07:57,cargo5,1,2,CLIMB,1,1,3,5,62,2.7,-2.5,3.1,,0
2026-06-03 16:07:58,cargo5,1,2,CLIMB,1,1,3,5,62,2.7,-2.5,3.1,,0
2026-06-03 16:07:58,cargo5,1,2,CLIMB,1,1,3,5,62,2.7,-2.5,3.1,,0
2026-06-03 16:07:58,cargo5,1,2,CLIMB,1,1,3,5,62,2.7,-2.5,3.1,,0
2026-06-03 16:08:02,cargo6,1,2,CLIMB,1,1,3,5,60,2.7,-2.5,3.1,,0
2026-06-03 16:08:02,cargo6,1,2,CLIMB,1,1,4,5,60,2.7,-2.5,3.1,,0
2026-06-03 16:08:03,cargo6,1,2,CLIMB,1,1,4,5,60,2.7,-2.5,3.1,,0
2026-06-03 16:08:03,cargo6,1,2,CLIMB,1,1,4,5,59,2.7,-2.5,3.1,,0
2026-06-03 16:08:03,cargo6,1,2,CLIMB,1,1,4,5,59,2.7,-2.5,3.1,,0
2026-06-03 16:08:03,cargo6,1,2,CLIMB,1,1,4,5,59,2.7,-2.5,3.1,,0
2026-06-03 16:08:04,cargo6,1,2,CLIMB,1,1,4,5,59,2.7,-2.5,3.1,,0
2026-06-03 16:08:04,cargo6,1,2,CLIMB,1,1,4,5,59,2.7,-2.5,3.1,,0
2026-06-03 16:08:05,cargo6,1,2,CLIMB,1,1,4,5,59,2.7,-2.5,3.1,,0
2026-06-03 16:08:05,cargo6,1,2,CLIMB,1,1,4,5,58,2.7,-2.5,3.1,,0
2026-06-03 16:08:06,cargo6,1,2,CLIMB,1,1,4,5,58,2.7,-2.5,3.1,,0
2026-06-03 16:08:06,cargo6,1,2,CLIMB,1,1,4,5,58,2.7,-2.5,3.1,,0
2026-06-03 16:08:06,cargo6,1,2,CLIMB,1,1,4,5,58,2.7,-2.5,3.1,,0
2026-06-03 16:08:07,cargo6,1,2,CLIMB,1,1,4,5,58,2.9,-2.5,3.1,,0
2026-06-03 16:08:07,cargo6,1,2,CLIMB,1,1,4,5,58,2.9,-2.5,3.1,,0
2026-06-03 16:08:08,cargo6,1,2,CLIMB,1,1,4,5,58,2.9,-2.5,3.1,,0
2026-06-03 16:08:08,cargo6,1,2,CLIMB,1,1,4,5,58,2.9,-2.5,3.1,,0
2026-06-03 16:08:08,cargo6,1,2,CLIMB,1,1,4,5,58,2.9,-2.5,3.1,,0
2026-06-03 16:08:09,cargo6,1,2,CLIMB,1,1,4,5,58,2.9,-2.5,3.1,,0
2026-06-03 16:08:09,cargo6,1,2,CLIMB,1,1,4,5,58,2.9,-2.5,3.1,,0
2026-06-03 16:08:09,cargo6,1,2,CLIMB,1,1,4,5,58,2.9,-2.5,3.1,,0
2026-06-03 16:08:10,cargo6,1,2,CLIMB,1,1,4,5,58,2.9,-2.5,3.1,,0
2026-06-03 16:08:11,cargo6,1,2,CLIMB,1,1,4,5,58,2.9,-2.5,3.1,,0
2026-06-03 16:08:13,cargo2,1,2,CLIMB,1,1,4,5,58,3.9,-2.5,3.1,,0
2026-06-03 16:08:24,cargo4,1,2,CLIMB,1,2,0,5,57,4.4,-2.5,3.1,,0
2026-06-03 16:08:26,cargo4,1,2,CLIMB,1,2,1,5,57,4.4,-2.5,1.5,,0
2026-06-03 16:08:27,cargo4,1,2,CLIMB,1,2,1,5,57,4.4,-2.5,1.2,,0
2026-06-03 16:08:28,cargo4,1,2,CLIMB,1,2,1,5,57,4.4,-2.5,0.5,,0
2026-06-03 16:08:30,cargo4,1,2,CLIMB,1,2,1,5,56,4.4,-2.5,0.5,,0
2026-06-03 16:08:31,cargo4,1,2,CLIMB,1,2,1,5,56,4.4,-2.5,-0.2,,0
2026-06-03 16:08:34,cargo12,1,2,CLIMB,1,2,1,5,56,4.4,-2.5,-1.1,,0
2026-06-03 16:08:37,cargo12,1,2,CLIMB,1,2,2,5,56,2.0,-2.5,-1.9,,0
2026-06-03 16:08:37,cargo12,1,2,CLIMB,1,2,2,5,56,1.4,-2.5,-1.9,,0
2026-06-03 16:08:53,cargo9,1,2,CLIMB,1,2,2,5,55,-0.4,-2.5,-1.9,,0
2026-06-03 16:08:53,cargo9,1,2,CLIMB,1,2,3,5,55,-0.4,-2.5,-1.9,,0
2026-06-03 16:08:53,cargo9,1,2,CLIMB,1,2,3,5,55,-0.4,-2.5,-1.9,,0
2026-06-03 16:08:53,cargo9,1,2,CLIMB,1,2,3,5,55,-0.4,-2.5,-1.9,,0
2026-06-03 16:08:53,cargo9,1,2,CLIMB,1,2,3,5,55,-0.4,-2.5,-1.9,,0
2026-06-03 16:08:53,cargo9,1,2,CLIMB,1,2,3,5,55,-0.4,-2.5,-1.9,,0
2026-06-03 16:08:54,cargo9,1,2,CLIMB,1,2,3,5,55,-0.4,-2.5,-1.9,,0
2026-06-03 16:08:54,cargo9,1,2,CLIMB,1,2,3,5,55,-0.4,-2.5,-1.9,,0
2026-06-03 16:08:54,cargo9,1,2,CLIMB,1,2,3,5,55,-0.4,-2.5,-1.9,,0
2026-06-03 16:08:54,cargo9,1,2,CLIMB,1,2,3,5,55,-0.4,-2.5,-1.9,,0
2026-06-03 16:08:54,cargo9,1,2,CLIMB,1,2,3,5,55,-0.4,-2.5,-1.9,,0
2026-06-03 16:08:54,cargo9,1,2,CLIMB,1,2,3,5,55,-0.4,-2.5,-1.9,,0
2026-06-03 16:08:54,cargo9,1,2,CLIMB,1,2,3,5,55,-0.4,-2.5,-1.9,,0
2026-06-03 16:08:54,cargo9,1,2,CLIMB,1,2,3,5,55,-0.4,-2.5,-1.9,,0
2026-06-03 16:08:54,cargo9,1,2,CLIMB,1,2,3,5,55,-0.4,-2.5,-1.9,,0
2026-06-03 16:08:54,cargo9,1,2,CLIMB,1,2,3,5,55,-0.4,-2.5,-1.9,,0
2026-06-03 16:08:54,cargo9,1,2,CLIMB,1,2,3,5,55,-0.4,-2.5,-1.9,,0
2026-06-03 16:08:54,cargo9,1,2,CLIMB,1,2,3,5,55,-0.4,-2.5,-1.9,,0
2026-06-03 16:08:54,cargo9,1,2,CLIMB,1,2,3,5,55,-0.4,-2.5,-1.9,,0
2026-06-03 16:08:55,cargo9,1,2,CLIMB,1,2,3,5,55,-0.4,-2.5,-1.9,,0
2026-06-03 16:08:55,cargo9,1,2,CLIMB,1,2,3,5,55,-0.4,-2.5,-1.9,,0
2026-06-03 16:08:55,cargo9,1,2,CLIMB,1,2,3,5,55,-0.4,-2.5,-1.9,,0
2026-06-03 16:08:55,cargo9,1,2,CLIMB,1,2,3,5,55,-0.4,-2.5,-1.9,,0
2026-06-03 16:08:55,cargo9,1,2,CLIMB,1,2,3,5,55,-0.4,-2.5,-1.9,,0
2026-06-03 16:08:55,cargo9,1,2,CLIMB,1,2,3,5,55,-0.4,-2.5,-1.9,,0
2026-06-03 16:08:55,cargo9,1,2,CLIMB,1,2,3,5,55,-0.4,-2.5,-1.9,,0
2026-06-03 16:08:55,cargo9,1,2,CLIMB,1,2,3,5,55,-0.4,-2.5,-1.9,,0
2026-06-03 16:08:55,cargo9,1,2,CLIMB,1,2,3,5,55,-0.4,-2.5,-1.9,,0
2026-06-03 16:08:55,cargo9,1,2,CLIMB,1,2,3,5,55,-0.4,-2.5,-1.9,,0
2026-06-03 16:08:55,cargo9,1,2,CLIMB,1,2,3,5,55,-0.4,-2.5,-1.9,,0
2026-06-03 16:08:56,cargo9,1,2,CLIMB,1,2,3,5,55,-0.4,-2.5,-1.9,,0
2026-06-03 16:08:56,cargo9,1,2,CLIMB,1,2,3,5,55,-0.4,-2.5,-1.9,,0
2026-06-03 16:08:56,cargo9,1,2,CLIMB,1,2,3,5,55,-0.4,-2.5,-1.9,,0
2026-06-03 16:08:56,cargo9,1,2,CLIMB,1,2,3,5,55,-0.4,-2.5,-1.9,,0
2026-06-03 16:08:56,cargo9,1,2,CLIMB,1,2,3,5,55,-0.4,-2.5,-1.9,,0
2026-06-03 16:08:56,cargo9,1,2,CLIMB,1,2,3,5,55,-0.4,-2.5,-1.9,,0
2026-06-03 16:08:56,cargo9,1,2,CLIMB,1,2,3,5,55,-0.4,-2.5,-1.9,,0
2026-06-03 16:08:56,cargo9,1,2,CLIMB,1,2,3,5,55,-0.4,-2.5,-1.9,,0
2026-06-03 16:08:56,cargo9,1,2,CLIMB,1,2,3,5,55,-0.4,-2.5,-1.9,,0
2026-06-03 16:08:56,cargo9,1,2,CLIMB,1,2,3,5,55,-0.4,-2.5,-1.9,,0
2026-06-03 16:08:56,cargo9,1,2,CLIMB,1,2,3,5,55,-0.4,-2.5,-1.9,,0
2026-06-03 16:08:57,cargo9,1,2,CLIMB,1,2,3,5,55,-0.4,-2.5,-1.9,,0
2026-06-03 16:08:57,cargo9,1,2,CLIMB,1,2,3,5,55,-0.4,-2.5,-1.9,,0
2026-06-03 16:08:57,cargo9,1,2,CLIMB,1,2,3,5,55,-0.4,-2.5,-1.9,,0
2026-06-03 16:08:57,cargo9,1,2,CLIMB,1,2,3,5,55,-0.4,-2.5,-1.9,,0
2026-06-03 16:08:57,cargo9,1,2,CLIMB,1,2,3,5,55,-0.4,-2.5,-1.9,,0
2026-06-03 16:08:57,cargo9,1,2,CLIMB,1,2,3,5,55,-0.4,-2.5,-1.9,,0
2026-06-03 16:08:57,cargo9,1,2,CLIMB,1,2,3,5,55,-0.4,-2.5,-1.9,,0
2026-06-03 16:08:57,cargo9,1,2,CLIMB,1,2,3,5,55,-0.4,-2.5,-1.9,,0
2026-06-03 16:08:57,cargo9,1,2,CLIMB,1,2,3,5,55,-0.4,-2.5,-1.9,,0
2026-06-03 16:08:57,cargo9,1,2,CLIMB,1,2,3,5,55,-0.4,-2.5,-1.9,,0
2026-06-03 16:08:58,cargo9,1,2,CLIMB,1,2,3,5,55,-0.4,-2.5,-1.9,,0
2026-06-03 16:08:58,cargo9,1,2,CLIMB,1,2,3,5,55,-0.4,-2.5,-1.9,,0
2026-06-03 16:08:58,cargo9,1,2,CLIMB,1,2,3,5,55,-0.4,-2.5,-1.9,,0
2026-06-03 16:08:58,cargo9,1,2,CLIMB,1,2,3,5,55,-0.4,-2.5,-1.9,,0
2026-06-03 16:08:58,cargo9,1,2,CLIMB,1,2,3,5,55,-0.4,-2.5,-1.9,,0
2026-06-03 16:08:59,cargo9,1,2,CLIMB,1,2,3,5,55,-0.4,-2.5,-2.8,,0
2026-06-03 16:09:19,cargo8,1,2,CLIMB,1,2,3,5,53,-0.8,-3.6,-4.2,,0
2026-06-03 16:09:19,cargo8,1,2,CLIMB,1,2,4,5,53,-0.8,-3.6,-4.2,,0
2026-06-03 16:09:19,cargo8,1,2,CLIMB,1,2,4,5,53,-0.8,-3.6,-4.2,,0
2026-06-03 16:09:19,cargo8,1,2,CLIMB,1,2,4,5,53,-0.8,-3.6,-4.2,,0
2026-06-03 16:09:19,cargo8,1,2,CLIMB,1,2,4,5,53,-0.8,-3.6,-4.2,,0
2026-06-03 16:09:19,cargo8,1,2,CLIMB,1,2,4,5,53,-0.8,-3.6,-4.2,,0
2026-06-03 16:09:19,cargo8,1,2,CLIMB,1,2,4,5,53,-0.8,-3.6,-4.2,,0
2026-06-03 16:09:19,cargo8,1,2,CLIMB,1,2,4,5,53,-0.8,-3.6,-4.2,,0
2026-06-03 16:09:19,cargo8,1,2,CLIMB,1,2,4,5,53,-0.8,-3.6,-4.2,,0
2026-06-03 16:09:19,cargo8,1,2,CLIMB,1,2,4,5,53,-0.8,-3.6,-4.2,,0
2026-06-03 16:09:19,cargo8,1,2,CLIMB,1,2,4,5,53,-0.8,-3.6,-4.2,,0
2026-06-03 16:09:20,cargo8,1,2,CLIMB,1,2,4,5,53,-0.8,-3.6,-4.2,,0
2026-06-03 16:09:20,cargo8,1,2,CLIMB,1,2,4,5,53,-0.8,-3.6,-4.2,,0
2026-06-03 16:09:20,cargo8,1,2,CLIMB,1,2,4,5,53,-0.8,-3.6,-4.2,,0
2026-06-03 16:09:20,cargo8,1,2,CLIMB,1,2,4,5,53,-0.8,-3.6,-4.2,,0
2026-06-03 16:09:20,cargo8,1,2,CLIMB,1,2,4,5,53,-0.8,-3.6,-4.2,,0
2026-06-03 16:09:20,cargo8,1,2,CLIMB,1,2,4,5,53,-0.8,-3.6,-4.2,,0
2026-06-03 16:09:20,cargo8,1,2,CLIMB,1,2,4,5,53,-0.8,-3.6,-4.2,,0
2026-06-03 16:09:20,cargo8,1,2,CLIMB,1,2,4,5,53,-0.8,-3.6,-4.2,,0
2026-06-03 16:09:20,cargo8,1,2,CLIMB,1,2,4,5,53,-0.8,-3.6,-4.2,,0
2026-06-03 16:09:20,cargo8,1,2,CLIMB,1,2,4,5,53,-0.8,-3.6,-4.2,,0
2026-06-03 16:09:20,cargo8,1,2,CLIMB,1,2,4,5,53,-0.8,-3.6,-4.2,,0
2026-06-03 16:09:20,cargo8,1,2,CLIMB,1,2,4,5,53,-0.8,-3.6,-4.2,,0
2026-06-03 16:09:20,cargo8,1,2,CLIMB,1,2,4,5,53,-0.8,-3.6,-4.2,,0
2026-06-03 16:09:20,cargo8,1,2,CLIMB,1,2,4,5,53,-0.8,-3.6,-4.2,,0
2026-06-03 16:09:21,cargo8,1,2,CLIMB,1,2,4,5,53,-0.8,-3.6,-4.2,,0
2026-06-03 16:09:21,cargo8,1,2,CLIMB,1,2,4,5,53,-0.8,-3.6,-4.2,,0
2026-06-03 16:09:21,cargo8,1,2,CLIMB,1,2,4,5,52,-0.8,-3.6,-4.2,,0
2026-06-03 16:09:21,cargo8,1,2,CLIMB,1,2,4,5,52,-0.8,-3.6,-4.2,,0
2026-06-03 16:09:21,cargo8,1,2,CLIMB,1,2,4,5,52,-0.8,-3.6,-4.2,,0
2026-06-03 16:09:21,cargo8,1,2,CLIMB,1,2,4,5,52,-0.8,-3.6,-4.2,,0
2026-06-03 16:09:21,cargo8,1,2,CLIMB,1,2,4,5,52,-0.8,-3.6,-4.2,,0
2026-06-03 16:09:21,cargo8,1,2,CLIMB,1,2,4,5,52,-0.8,-3.6,-4.2,,0
2026-06-03 16:09:21,cargo8,1,2,CLIMB,1,2,4,5,52,-0.8,-3.6,-4.2,,0
2026-06-03 16:09:21,cargo8,1,2,CLIMB,1,2,4,5,52,-0.8,-3.6,-4.2,,0
2026-06-03 16:09:21,cargo8,1,2,CLIMB,1,2,4,5,52,-0.8,-3.6,-4.2,,0
2026-06-03 16:09:21,cargo8,1,2,CLIMB,1,2,4,5,52,-0.8,-3.6,-4.2,,0
2026-06-03 16:09:22,cargo8,1,2,CLIMB,1,2,4,5,52,-0.8,-3.6,-4.2,,0
2026-06-03 16:09:22,cargo8,1,2,CLIMB,1,2,4,5,52,-0.8,-3.6,-4.2,,0
2026-06-03 16:09:22,cargo8,1,2,CLIMB,1,2,4,5,52,-0.8,-3.6,-4.2,,0
2026-06-03 16:09:22,cargo8,1,2,CLIMB,1,2,4,5,52,-0.8,-3.6,-4.2,,0
2026-06-03 16:09:22,cargo8,1,2,CLIMB,1,2,4,5,52,-0.8,-3.6,-4.2,,0
2026-06-03 16:09:22,cargo8,1,2,CLIMB,1,2,4,5,52,-0.8,-3.6,-4.2,,0
2026-06-03 16:09:22,cargo8,1,2,CLIMB,1,2,4,5,52,-0.8,-3.6,-4.2,,0
2026-06-03 16:09:22,cargo8,1,2,CLIMB,1,2,4,5,52,-0.8,-3.6,-4.2,,0
2026-06-03 16:09:22,cargo8,1,2,CLIMB,1,2,4,5,52,-0.8,-3.6,-4.2,,0
2026-06-03 16:09:22,cargo8,1,2,CLIMB,1,2,4,5,52,-0.8,-3.6,-4.2,,0
2026-06-03 16:09:22,cargo8,1,2,CLIMB,1,2,4,5,52,-0.8,-3.6,-4.2,,0
2026-06-03 16:09:22,cargo8,1,2,CLIMB,1,2,4,5,52,-0.8,-3.6,-4.2,,0
2026-06-03 16:09:22,cargo8,1,2,CLIMB,1,2,4,5,52,-0.8,-3.6,-4.2,,0
2026-06-03 16:09:22,cargo8,1,2,CLIMB,1,2,4,5,52,-0.8,-3.6,-4.2,,0
2026-06-03 16:09:23,cargo8,1,2,CLIMB,1,2,4,5,52,-0.8,-3.6,-4.2,,0
2026-06-03 16:09:23,cargo8,1,2,CLIMB,1,2,4,5,52,-0.8,-3.6,-4.2,,0
2026-06-03 16:09:23,cargo8,1,2,CLIMB,1,2,4,5,52,-0.8,-3.6,-4.2,,0
2026-06-03 16:09:23,cargo8,1,2,CLIMB,1,2,4,5,52,-0.8,-3.6,-4.2,,0
2026-06-03 16:09:23,cargo8,1,2,CLIMB,1,2,4,5,52,-0.8,-3.6,-4.2,,0
2026-06-03 16:09:23,cargo8,1,2,CLIMB,1,2,4,5,52,-0.8,-3.6,-4.2,,0
2026-06-03 16:09:23,cargo8,1,2,CLIMB,1,2,4,5,52,-0.9,-3.6,-4.2,,0
2026-06-03 16:09:23,cargo8,1,2,CLIMB,1,2,4,5,52,-0.9,-3.6,-4.2,,0
2026-06-03 16:09:23,cargo8,1,2,CLIMB,1,2,4,5,52,-0.9,-3.6,-4.2,,0
2026-06-03 16:09:23,cargo8,1,2,CLIMB,1,2,4,5,52,-0.9,-3.6,-4.2,,0
2026-06-03 16:09:23,cargo8,1,2,CLIMB,1,2,4,5,52,-0.9,-3.6,-4.2,,0
2026-06-03 16:09:23,cargo8,1,2,CLIMB,1,2,4,5,52,-0.9,-3.6,-4.2,,0
2026-06-03 16:09:23,cargo8,1,2,CLIMB,1,2,4,5,52,-0.9,-3.6,-4.2,,0
2026-06-03 16:09:24,cargo8,1,2,CLIMB,1,2,4,5,52,-0.9,-3.6,-4.2,,0
2026-06-03 16:09:24,cargo8,1,2,CLIMB,1,2,4,5,52,-0.9,-3.6,-4.2,,0
2026-06-03 16:09:24,cargo8,1,2,CLIMB,1,2,4,5,52,-0.9,-3.6,-4.2,,0
2026-06-03 16:09:24,cargo8,1,2,CLIMB,1,2,4,5,52,-0.9,-3.6,-4.2,,0
2026-06-03 16:09:24,cargo8,1,2,CLIMB,1,2,4,5,52,-0.9,-3.6,-4.2,,0
2026-06-03 16:09:24,cargo8,1,2,CLIMB,1,2,4,5,52,-0.9,-3.6,-4.2,,0
2026-06-03 16:09:24,cargo8,1,2,CLIMB,1,2,4,5,52,-0.9,-3.6,-4.2,,0
2026-06-03 16:09:24,cargo8,1,2,CLIMB,1,2,4,5,52,-0.9,-3.6,-4.2,,0
2026-06-03 16:09:50,cargo7,1,2,CLIMB,1,2,4,5,49,-0.6,-4.6,-4.3,,0
2026-06-03 16:12:14,cargo1,1,2,CLIMB,1,1,0,5,46,9.7,3.8,-5.5,,0
2026-06-03 16:12:15,cargo1,1,2,CLIMB,1,1,1,5,46,9.7,3.8,-5.5,,0
2026-06-03 16:12:17,cargo1,1,2,CLIMB,1,1,1,5,45,9.7,3.8,-5.5,,0
2026-06-03 16:12:17,cargo1,1,2,CLIMB,1,1,1,5,45,10.1,3.8,-5.5,,0
2026-06-03 16:12:17,cargo1,1,2,CLIMB,1,1,1,5,45,10.1,3.8,-5.5,,0
2026-06-03 16:12:18,cargo1,1,2,CLIMB,1,1,1,5,44,10.4,3.8,-5.5,,0
2026-06-03 16:12:18,cargo1,1,2,CLIMB,1,1,1,5,44,11.3,3.8,-5.5,,0
2026-06-03 16:12:19,cargo1,1,2,CLIMB,1,1,1,5,44,11.6,3.8,-5.5,,0
2026-06-03 16:12:19,cargo1,1,2,CLIMB,1,1,1,5,44,11.9,3.8,-5.5,,0
2026-06-03 16:12:19,cargo1,1,2,CLIMB,1,1,1,5,44,12.2,3.8,-5.5,,0
2026-06-03 16:12:20,cargo1,1,2,CLIMB,1,1,1,5,43,12.5,3.8,-5.5,,0
2026-06-03 16:12:20,cargo1,1,2,CLIMB,1,1,1,5,43,13.2,3.8,-5.5,,0
2026-06-03 16:12:23,cargo1,1,2,CLIMB,1,1,1,5,42,15.2,3.8,-5.5,,0
2026-06-03 16:12:24,cargo3,1,2,CLIMB,1,1,1,5,42,16.8,3.8,-5.5,,0
2026-06-03 16:12:24,cargo3,1,2,CLIMB,1,1,2,5,42,17.1,3.8,-5.5,,0
2026-06-03 16:12:24,cargo3,1,2,CLIMB,1,1,2,5,42,17.4,3.8,-5.5,,0
2026-06-03 16:12:25,cargo3,1,2,CLIMB,1,1,2,5,41,17.6,3.8,-5.5,,0
2026-06-03 16:12:27,cargo3,1,2,CLIMB,1,1,2,5,41,20.4,3.8,-5.5,,0
2026-06-03 16:12:28,cargo3,1,2,CLIMB,1,1,2,5,40,20.7,3.8,-5.5,,0
2026-06-03 16:12:28,cargo3,1,2,CLIMB,1,1,2,5,40,21.3,3.8,-5.5,,0
2026-06-03 16:12:58,cargo5,1,2,CLIMB,1,1,2,5,33,34.1,3.8,-5.5,,0
2026-06-03 16:13:05,cargo5,1,2,CLIMB,1,1,3,5,31,34.9,1.8,-5.5,,0
2026-06-03 16:13:06,cargo5,1,2,CLIMB,1,1,3,5,31,34.9,1.8,-5.5,,0
2026-06-03 16:13:06,cargo5,1,2,CLIMB,1,1,3,5,31,34.9,1.8,-5.5,,0
2026-06-03 16:13:06,cargo5,1,2,CLIMB,1,1,3,5,31,34.9,1.8,-5.5,,0
2026-06-03 16:13:06,cargo5,1,2,CLIMB,1,1,3,5,31,34.9,1.8,-5.5,,0
2026-06-03 16:13:06,cargo5,1,2,CLIMB,1,1,3,5,31,34.9,1.8,-5.5,,0
2026-06-03 16:13:06,cargo5,1,2,CLIMB,1,1,3,5,31,34.9,1.8,-5.5,,0
2026-06-03 16:13:06,cargo5,1,2,CLIMB,1,1,3,5,31,34.9,1.8,-5.5,,0
2026-06-03 16:13:06,cargo5,1,2,CLIMB,1,1,3,5,31,34.9,1.8,-5.5,,0
2026-06-03 16:13:06,cargo5,1,2,CLIMB,1,1,3,5,31,34.9,1.8,-5.5,,0
2026-06-03 16:13:06,cargo5,1,2,CLIMB,1,1,3,5,31,34.9,1.8,-5.5,,0
2026-06-03 16:13:07,cargo5,1,2,CLIMB,1,1,3,5,31,34.9,1.8,-5.5,,0
2026-06-03 16:13:07,cargo5,1,2,CLIMB,1,1,3,5,31,34.9,1.8,-5.5,,0
2026-06-03 16:13:07,cargo5,1,2,CLIMB,1,1,3,5,31,34.9,1.8,-5.5,,0
2026-06-03 16:13:07,cargo5,1,2,CLIMB,1,1,3,5,30,34.9,1.8,-5.5,,0
2026-06-03 16:13:07,cargo5,1,2,CLIMB,1,1,3,5,30,34.9,1.8,-5.5,,0
2026-06-03 16:13:07,cargo5,1,2,CLIMB,1,1,3,5,30,34.9,1.8,-5.5,,0
2026-06-03 16:13:07,cargo5,1,2,CLIMB,1,1,3,5,30,34.9,1.8,-5.5,,0
2026-06-03 16:13:08,cargo5,1,2,CLIMB,1,1,3,5,30,34.9,1.8,-5.5,,0
2026-06-03 16:13:08,cargo5,1,2,CLIMB,1,1,3,5,30,34.9,1.8,-5.5,,0
2026-06-03 16:13:18,cargo6,1,2,CLIMB,1,1,3,5,27,36.7,1.8,-5.5,,0
2026-06-03 16:13:19,cargo6,1,2,CLIMB,1,1,4,5,27,36.7,1.8,-5.5,,0
2026-06-03 16:13:19,cargo6,1,2,CLIMB,1,1,4,5,27,36.7,1.8,-5.5,,0
2026-06-03 16:13:19,cargo6,1,2,CLIMB,1,1,4,5,27,36.7,1.8,-5.5,,0
2026-06-03 16:13:19,cargo6,1,2,CLIMB,1,1,4,5,27,36.7,1.8,-5.5,,0
2026-06-03 16:13:19,cargo6,1,2,CLIMB,1,1,4,5,27,36.7,1.8,-5.5,,0
2026-06-03 16:13:19,cargo6,1,2,CLIMB,1,1,4,5,27,36.7,1.8,-5.5,,0
2026-06-03 16:13:19,cargo6,1,2,CLIMB,1,1,4,5,27,36.7,1.8,-5.5,,0
2026-06-03 16:13:19,cargo6,1,2,CLIMB,1,1,4,5,27,36.7,1.8,-5.5,,0
2026-06-03 16:13:19,cargo6,1,2,CLIMB,1,1,4,5,27,36.7,1.8,-5.5,,0
2026-06-03 16:13:19,cargo6,1,2,CLIMB,1,1,4,5,27,36.7,1.8,-5.5,,0
2026-06-03 16:13:20,cargo6,1,2,CLIMB,1,1,4,5,27,36.7,1.8,-5.5,,0
2026-06-03 16:13:20,cargo6,1,2,CLIMB,1,1,4,5,27,36.7,1.8,-5.5,,0
2026-06-03 16:13:20,cargo6,1,2,CLIMB,1,1,4,5,27,36.7,1.8,-5.5,,0
2026-06-03 16:13:20,cargo6,1,2,CLIMB,1,1,4,5,27,36.7,1.8,-5.5,,0
2026-06-03 16:13:20,cargo6,1,2,CLIMB,1,1,4,5,27,36.7,1.8,-5.5,,0
2026-06-03 16:13:20,cargo6,1,2,CLIMB,1,1,4,5,27,36.7,1.8,-5.5,,0
2026-06-03 16:13:20,cargo6,1,2,CLIMB,1,1,4,5,27,36.7,1.8,-5.5,,0
2026-06-03 16:13:20,cargo6,1,2,CLIMB,1,1,4,5,27,36.7,1.8,-5.5,,0
2026-06-03 16:13:20,cargo6,1,2,CLIMB,1,1,4,5,27,36.7,1.8,-5.5,,0
2026-06-03 16:13:20,cargo6,1,2,CLIMB,1,1,4,5,27,36.7,1.8,-5.5,,0
2026-06-03 16:13:20,cargo6,1,2,CLIMB,1,1,4,5,27,36.7,1.8,-5.5,,0
2026-06-03 16:13:20,cargo6,1,2,CLIMB,1,1,4,5,27,36.7,1.8,-5.5,,0
2026-06-03 16:13:21,cargo6,1,2,CLIMB,1,1,4,5,27,36.7,1.8,-5.5,,0
2026-06-03 16:13:21,cargo6,1,2,CLIMB,1,1,4,5,27,36.7,1.8,-5.5,,0
2026-06-03 16:13:21,cargo6,1,2,CLIMB,1,1,4,5,27,36.7,1.8,-5.5,,0
2026-06-03 16:13:21,cargo6,1,2,CLIMB,1,1,4,5,27,36.7,1.8,-5.5,,0
2026-06-03 16:13:21,cargo6,1,2,CLIMB,1,1,4,5,27,36.7,1.8,-5.5,,0
2026-06-03 16:13:21,cargo6,1,2,CLIMB,1,1,4,5,26,36.7,1.8,-5.5,,0
2026-06-03 16:13:21,cargo6,1,2,CLIMB,1,1,4,5,26,36.7,1.8,-5.5,,0
2026-06-03 16:13:21,cargo6,1,2,CLIMB,1,1,4,5,26,36.7,1.8,-5.5,,0
2026-06-03 16:13:21,cargo6,1,2,CLIMB,1,1,4,5,26,36.7,1.8,-5.5,,0
2026-06-03 16:13:21,cargo6,1,2,CLIMB,1,1,4,5,26,36.7,1.8,-5.5,,0
2026-06-03 16:13:21,cargo6,1,2,CLIMB,1,1,4,5,26,36.7,1.8,-5.5,,0
2026-06-03 16:13:21,cargo6,1,2,CLIMB,1,1,4,5,26,36.7,1.8,-5.5,,0
2026-06-03 16:13:22,cargo6,1,2,CLIMB,1,1,4,5,26,36.7,1.8,-5.5,,0
2026-06-03 16:13:22,cargo6,1,2,CLIMB,1,1,4,5,26,36.7,1.8,-5.5,,0
2026-06-03 16:13:22,cargo6,1,2,CLIMB,1,1,4,5,26,36.7,1.8,-5.5,,0
2026-06-03 16:13:22,cargo6,1,2,CLIMB,1,1,4,5,26,36.7,1.8,-5.5,,0
2026-06-03 16:13:22,cargo6,1,2,CLIMB,1,1,4,5,26,36.7,1.8,-5.5,,0
2026-06-03 16:13:22,cargo6,1,2,CLIMB,1,1,4,5,26,36.7,1.8,-5.5,,0
2026-06-03 16:13:22,cargo6,1,2,CLIMB,1,1,4,5,26,36.7,1.8,-5.4,,0
2026-06-03 16:13:22,cargo6,1,2,CLIMB,1,1,4,5,26,36.7,1.8,-5.3,,0
2026-06-03 16:13:22,cargo6,1,2,CLIMB,1,1,4,5,26,36.7,1.8,-5.3,,0
2026-06-03 16:13:22,cargo6,1,2,CLIMB,1,1,4,5,26,36.7,1.8,-5.3,,0
2026-06-03 16:13:22,cargo6,1,2,CLIMB,1,1,4,5,26,36.7,1.8,-5.3,,0
2026-06-03 16:13:23,cargo6,1,2,CLIMB,1,1,4,5,26,36.7,1.8,-5.3,,0
2026-06-03 16:13:23,cargo6,1,2,CLIMB,1,1,4,5,26,36.7,1.8,-5.3,,0
2026-06-03 16:13:23,cargo6,1,2,CLIMB,1,1,4,5,25,36.7,1.8,-5.3,,0
2026-06-03 16:13:23,cargo6,1,2,CLIMB,1,1,4,5,25,36.7,1.8,-5.3,,0
2026-06-03 16:13:23,cargo6,1,2,CLIMB,1,1,4,5,25,36.7,1.8,-5.3,,0
2026-06-03 16:13:23,cargo6,1,2,CLIMB,1,1,4,5,25,36.7,1.8,-5.2,,0
2026-06-03 16:13:23,cargo6,1,2,CLIMB,1,1,4,5,25,36.7,1.8,-5.2,,0
2026-06-03 16:13:23,cargo6,1,2,CLIMB,1,1,4,5,25,36.7,1.8,-5.2,,0
2026-06-03 16:13:23,cargo6,1,2,CLIMB,1,1,4,5,25,36.7,1.8,-5.2,,0
2026-06-03 16:13:23,cargo6,1,2,CLIMB,1,1,4,5,25,36.7,1.8,-5.2,,0
2026-06-03 16:13:24,cargo6,1,2,CLIMB,1,1,4,5,25,36.7,1.8,-5.2,,0
2026-06-03 16:13:24,cargo6,1,2,CLIMB,1,1,4,5,25,36.7,1.8,-5.2,,0
2026-06-03 16:13:24,cargo6,1,2,CLIMB,1,1,4,5,25,36.7,1.8,-5.2,,0
2026-06-03 16:13:24,cargo6,1,2,CLIMB,1,1,4,5,25,36.7,1.8,-5.2,,0
2026-06-03 16:13:24,cargo6,1,2,CLIMB,1,1,4,5,25,36.7,1.8,-5.2,,0
2026-06-03 16:13:24,cargo6,1,2,CLIMB,1,1,4,5,25,36.7,1.8,-5.2,,0
2026-06-03 16:13:24,cargo6,1,2,CLIMB,1,1,4,5,25,36.7,1.8,-5.2,,0
2026-06-03 16:13:24,cargo6,1,2,CLIMB,1,1,4,5,25,36.7,1.8,-5.2,,0
2026-06-03 16:13:24,cargo6,1,2,CLIMB,1,1,4,5,25,36.7,1.8,-5.2,,0
2026-06-03 16:13:24,cargo6,1,2,CLIMB,1,1,4,5,25,36.7,1.8,-5.2,,0
2026-06-03 16:13:24,cargo6,1,2,CLIMB,1,1,4,5,25,36.7,1.8,-5.2,,0
2026-06-03 16:13:25,cargo6,1,2,CLIMB,1,1,4,5,25,36.8,1.8,-5.2,,0
2026-06-03 16:13:25,cargo6,1,2,CLIMB,1,1,4,5,25,36.8,1.8,-5.2,,0
2026-06-03 16:13:25,cargo6,1,2,CLIMB,1,1,4,5,25,36.9,1.8,-5.2,,0
2026-06-03 16:13:25,cargo6,1,2,CLIMB,1,1,4,5,24,37.0,1.8,-5.2,,0
2026-06-03 16:13:25,cargo6,1,2,CLIMB,1,1,4,5,24,37.1,1.8,-5.2,,0
2026-06-03 16:13:25,cargo6,1,2,CLIMB,1,1,4,5,24,37.2,1.8,-5.2,,0
2026-06-03 16:13:25,cargo6,1,2,CLIMB,1,1,4,5,24,37.2,1.8,-5.2,,0
2026-06-03 16:13:25,cargo6,1,2,CLIMB,1,1,4,5,24,37.3,1.8,-5.2,,0
2026-06-03 16:13:25,cargo6,1,2,CLIMB,1,1,4,5,24,37.4,1.8,-5.2,,0
2026-06-03 16:13:25,cargo6,1,2,CLIMB,1,1,4,5,24,37.5,1.8,-5.2,,0
2026-06-03 16:13:25,cargo6,1,2,CLIMB,1,1,4,5,24,37.6,1.8,-5.2,,0
2026-06-03 16:13:26,cargo6,1,2,CLIMB,1,1,4,5,24,37.7,1.8,-5.2,,0
2026-06-03 16:16:53,cargo1,1,2,CLIMB,1,1,0,5,67,-11.2,3.0,0.0,,0
2026-06-03 16:16:53,cargo1,1,2,CLIMB,1,1,1,5,67,-11.2,3.0,0.0,,0
2026-06-03 16:16:53,cargo1,1,2,CLIMB,1,1,1,5,67,-11.2,3.0,0.0,,0
2026-06-03 16:16:53,cargo1,1,2,CLIMB,1,1,1,5,67,-11.2,3.0,0.0,,0
2026-06-03 16:16:54,cargo1,1,2,CLIMB,1,1,1,5,67,-11.2,3.0,0.0,,0
2026-06-03 16:16:54,cargo1,1,2,CLIMB,1,1,1,5,67,-11.3,3.0,0.0,,0
2026-06-03 16:16:54,cargo1,1,2,CLIMB,1,1,1,5,67,-11.4,3.0,0.0,,0
2026-06-03 16:16:54,cargo1,1,2,CLIMB,1,1,1,5,67,-11.5,2.9,0.0,,0
2026-06-03 16:16:55,cargo1,1,2,CLIMB,1,1,1,5,66,-12.2,2.9,0.0,,0
2026-06-03 16:16:55,cargo1,1,2,CLIMB,1,1,1,5,66,-12.2,2.9,0.0,,0
2026-06-03 16:16:56,cargo1,1,2,CLIMB,1,1,1,5,66,-12.2,2.9,0.0,,0
2026-06-03 16:16:56,cargo1,1,2,CLIMB,1,1,1,5,66,-12.2,2.9,0.0,,0
2026-06-03 16:17:21,cargo3,1,2,CLIMB,1,1,1,5,54,-14.3,3.0,0.0,,0
2026-06-03 16:17:21,cargo3,1,2,CLIMB,1,1,2,5,54,-14.3,3.0,0.0,,0
2026-06-03 16:17:21,cargo3,1,2,CLIMB,1,1,2,5,53,-14.3,3.0,0.0,,0
2026-06-03 16:17:21,cargo3,1,2,CLIMB,1,1,2,5,53,-14.3,3.0,0.0,,0
2026-06-03 16:17:21,cargo3,1,2,CLIMB,1,1,2,5,53,-14.3,3.0,0.0,,0
2026-06-03 16:17:21,cargo3,1,2,CLIMB,1,1,2,5,53,-14.3,3.0,0.0,,0
2026-06-03 16:17:21,cargo3,1,2,CLIMB,1,1,2,5,53,-14.3,3.0,0.0,,0
2026-06-03 16:17:21,cargo3,1,2,CLIMB,1,1,2,5,53,-14.3,3.0,0.0,,0
2026-06-03 16:17:21,cargo3,1,2,CLIMB,1,1,2,5,53,-14.3,3.0,0.0,,0
2026-06-03 16:17:21,cargo3,1,2,CLIMB,1,1,2,5,53,-14.3,3.0,0.0,,0
2026-06-03 16:17:22,cargo3,1,2,CLIMB,1,1,2,5,53,-14.3,3.0,0.0,,0
2026-06-03 16:17:22,cargo3,1,2,CLIMB,1,1,2,5,53,-14.3,3.0,0.0,,0
2026-06-03 16:17:22,cargo3,1,2,CLIMB,1,1,2,5,53,-14.3,3.0,0.0,,0
2026-06-03 16:17:22,cargo3,1,2,CLIMB,1,1,2,5,53,-14.3,3.0,0.0,,0
2026-06-03 16:17:22,cargo3,1,2,CLIMB,1,1,2,5,53,-14.3,3.0,0.0,,0
2026-06-03 16:17:22,cargo3,1,2,CLIMB,1,1,2,5,53,-14.3,3.0,0.0,,0
2026-06-03 16:17:22,cargo3,1,2,CLIMB,1,1,2,5,53,-14.3,3.0,0.0,,0
2026-06-03 16:17:22,cargo3,1,2,CLIMB,1,1,2,5,53,-14.3,3.0,0.0,,0
2026-06-03 16:17:22,cargo3,1,2,CLIMB,1,1,2,5,53,-14.3,3.0,0.0,,0
2026-06-03 16:17:22,cargo3,1,2,CLIMB,1,1,2,5,53,-14.3,3.0,0.0,,0
2026-06-03 16:17:22,cargo3,1,2,CLIMB,1,1,2,5,53,-14.3,3.0,0.0,,0
2026-06-03 16:17:22,cargo3,1,2,CLIMB,1,1,2,5,53,-14.3,3.0,0.0,,0
2026-06-03 16:17:23,cargo3,1,2,CLIMB,1,1,2,5,53,-14.3,3.0,0.0,,0
2026-06-03 16:17:23,cargo3,1,2,CLIMB,1,1,2,5,53,-14.3,3.0,0.0,,0
2026-06-03 16:17:23,cargo3,1,2,CLIMB,1,1,2,5,53,-14.3,3.0,0.0,,0
2026-06-03 16:17:23,cargo3,1,2,CLIMB,1,1,2,5,53,-14.3,3.0,0.0,,0
2026-06-03 16:17:23,cargo3,1,2,CLIMB,1,1,2,5,53,-14.3,3.0,0.0,,0
2026-06-03 16:17:23,cargo3,1,2,CLIMB,1,1,2,5,53,-14.3,3.0,0.0,,0
2026-06-03 16:17:23,cargo3,1,2,CLIMB,1,1,2,5,53,-14.3,3.0,0.0,,0
2026-06-03 16:17:23,cargo3,1,2,CLIMB,1,1,2,5,53,-14.3,3.0,0.0,,0
2026-06-03 16:17:23,cargo3,1,2,CLIMB,1,1,2,5,53,-14.3,3.0,0.0,,0
2026-06-03 16:17:23,cargo3,1,2,CLIMB,1,1,2,5,53,-14.3,3.0,0.0,,0
2026-06-03 16:17:23,cargo3,1,2,CLIMB,1,1,2,5,53,-14.3,3.0,0.0,,0
2026-06-03 16:17:23,cargo3,1,2,CLIMB,1,1,2,5,53,-14.3,3.0,0.0,,0
2026-06-03 16:17:23,cargo3,1,2,CLIMB,1,1,2,5,53,-14.3,3.0,0.0,,0
2026-06-03 16:17:24,cargo3,1,2,CLIMB,1,1,2,5,53,-14.3,3.0,0.0,,0
2026-06-03 16:17:24,cargo3,1,2,CLIMB,1,1,2,5,53,-14.3,3.0,0.0,,0
2026-06-03 16:17:24,cargo3,1,2,CLIMB,1,1,2,5,53,-14.3,3.0,0.0,,0
2026-06-03 16:17:24,cargo3,1,2,CLIMB,1,1,2,5,53,-14.3,3.0,0.0,,0
2026-06-03 16:17:24,cargo3,1,2,CLIMB,1,1,2,5,53,-14.3,3.0,0.0,,0
2026-06-03 16:17:24,cargo3,1,2,CLIMB,1,1,2,5,53,-14.3,3.0,0.0,,0
2026-06-03 16:17:24,cargo3,1,2,CLIMB,1,1,2,5,53,-14.3,3.0,0.0,,0
2026-06-03 16:17:24,cargo3,1,2,CLIMB,1,1,2,5,53,-14.3,3.0,0.0,,0
2026-06-03 16:17:24,cargo3,1,2,CLIMB,1,1,2,5,53,-14.3,3.0,0.0,,0
2026-06-03 16:17:24,cargo3,1,2,CLIMB,1,1,2,5,53,-14.3,3.0,0.0,,0
2026-06-03 16:17:24,cargo3,1,2,CLIMB,1,1,2,5,53,-14.3,3.0,0.0,,0
2026-06-03 16:17:24,cargo3,1,2,CLIMB,1,1,2,5,53,-14.3,3.0,0.0,,0
2026-06-03 16:17:25,cargo3,1,2,CLIMB,1,1,2,5,53,-14.3,3.0,0.0,,0
2026-06-03 16:17:25,cargo3,1,2,CLIMB,1,1,2,5,53,-14.3,3.0,0.0,,0
2026-06-03 16:17:25,cargo3,1,2,CLIMB,1,1,2,5,53,-14.3,3.0,0.0,,0
2026-06-03 16:17:25,cargo3,1,2,CLIMB,1,1,2,5,53,-14.3,3.0,0.0,,0
2026-06-03 16:17:25,cargo3,1,2,CLIMB,1,1,2,5,53,-14.3,3.0,0.0,,0
2026-06-03 16:17:25,cargo3,1,2,CLIMB,1,1,2,5,53,-14.3,3.0,0.0,,0
2026-06-03 16:17:25,cargo3,1,2,CLIMB,1,1,2,5,53,-14.3,3.0,0.0,,0
2026-06-03 16:17:25,cargo3,1,2,CLIMB,1,1,2,5,53,-14.3,3.0,0.0,,0
2026-06-03 16:17:25,cargo3,1,2,CLIMB,1,1,2,5,53,-14.3,3.0,0.0,,0
2026-06-03 16:17:25,cargo3,1,2,CLIMB,1,1,2,5,53,-14.3,3.0,0.0,,0
2026-06-03 16:17:25,cargo3,1,2,CLIMB,1,1,2,5,53,-14.3,3.0,0.0,,0
2026-06-03 16:17:25,cargo3,1,2,CLIMB,1,1,2,5,53,-14.3,3.0,0.0,,0
2026-06-03 16:17:25,cargo3,1,2,CLIMB,1,1,2,5,53,-14.3,3.0,0.0,,0
2026-06-03 16:17:26,cargo3,1,2,CLIMB,1,1,2,5,53,-14.3,3.0,0.0,,0
2026-06-03 16:17:26,cargo3,1,2,CLIMB,1,1,2,5,53,-14.3,3.0,0.0,,0
2026-06-03 16:17:26,cargo3,1,2,CLIMB,1,1,2,5,53,-14.3,3.0,0.0,,0
2026-06-03 16:17:26,cargo3,1,2,CLIMB,1,1,2,5,53,-14.3,3.0,0.0,,0
2026-06-03 16:17:26,cargo3,1,2,CLIMB,1,1,2,5,53,-14.3,3.0,0.0,,0
2026-06-03 16:17:26,cargo3,1,2,CLIMB,1,1,2,5,53,-14.3,3.0,0.0,,0
2026-06-03 16:17:26,cargo3,1,2,CLIMB,1,1,2,5,53,-14.3,3.0,0.0,,0
2026-06-03 16:17:26,cargo3,1,2,CLIMB,1,1,2,5,53,-14.3,3.0,0.0,,0
2026-06-03 16:17:26,cargo3,1,2,CLIMB,1,1,2,5,53,-14.3,3.0,0.0,,0
2026-06-03 16:17:26,cargo3,1,2,CLIMB,1,1,2,5,53,-14.3,3.0,0.0,,0
2026-06-03 16:17:26,cargo3,1,2,CLIMB,1,1,2,5,53,-14.3,3.0,0.0,,0
2026-06-03 16:17:26,cargo3,1,2,CLIMB,1,1,2,5,53,-14.3,3.0,0.0,,0
2026-06-03 16:17:27,cargo3,1,2,CLIMB,1,1,2,5,53,-14.3,3.0,0.0,,0
2026-06-03 16:17:27,cargo3,1,2,CLIMB,1,1,2,5,53,-14.3,3.0,0.0,,0
2026-06-03 16:17:27,cargo3,1,2,CLIMB,1,1,2,5,53,-14.3,3.0,0.0,,0
2026-06-03 16:17:27,cargo3,1,2,CLIMB,1,1,2,5,53,-14.3,3.0,0.0,,0
2026-06-03 16:17:27,cargo3,1,2,CLIMB,1,1,2,5,53,-14.3,3.0,0.0,,0
2026-06-03 16:17:27,cargo3,1,2,CLIMB,1,1,2,5,53,-14.3,3.0,0.0,,0
2026-06-03 16:17:27,cargo3,1,2,CLIMB,1,1,2,5,53,-14.3,3.0,0.0,,0
2026-06-03 16:17:27,cargo3,1,2,CLIMB,1,1,2,5,53,-14.3,3.0,0.0,,0
2026-06-03 16:17:27,cargo3,1,2,CLIMB,1,1,2,5,53,-14.3,3.0,0.0,,0
2026-06-03 16:17:27,cargo3,1,2,CLIMB,1,1,2,5,53,-14.3,3.0,0.0,,0
2026-06-03 16:17:27,cargo3,1,2,CLIMB,1,1,2,5,53,-14.3,3.0,0.0,,0
2026-06-03 16:17:27,cargo3,1,2,CLIMB,1,1,2,5,53,-14.3,3.0,0.0,,0
2026-06-03 16:17:28,cargo3,1,2,CLIMB,1,1,2,5,53,-14.3,3.0,0.0,,0
2026-06-03 16:17:28,cargo3,1,2,CLIMB,1,1,2,5,53,-14.3,3.0,0.0,,0
2026-06-03 16:19:44,cargo1,1,2,CLIMB,1,1,0,5,58,-2.0,3.2,12.1,,0
2026-06-03 16:19:44,cargo1,1,2,CLIMB,1,1,1,5,58,-2.0,3.2,12.1,,0
2026-06-03 16:19:44,cargo1,1,2,CLIMB,1,1,1,5,58,-2.0,3.2,12.1,,0
2026-06-03 16:19:44,cargo1,1,2,CLIMB,1,1,1,5,58,-2.0,3.2,12.1,,0
2026-06-03 16:19:45,cargo1,1,2,CLIMB,1,1,1,5,58,-2.0,3.2,12.1,,0
2026-06-03 16:19:45,cargo1,1,2,CLIMB,1,1,1,5,58,-2.0,3.2,12.1,,0
2026-06-03 16:19:45,cargo1,1,2,CLIMB,1,1,1,5,58,-2.0,3.2,12.1,,0
2026-06-03 16:19:45,cargo1,1,2,CLIMB,1,1,1,5,58,-2.0,3.2,12.1,,0
2026-06-03 16:19:45,cargo1,1,2,CLIMB,1,1,1,5,58,-2.0,3.2,12.1,,0
2026-06-03 16:19:45,cargo1,1,2,CLIMB,1,1,1,5,58,-2.0,3.2,12.1,,0
2026-06-03 16:19:45,cargo1,1,2,CLIMB,1,1,1,5,58,-2.0,3.2,12.1,,0
2026-06-03 16:19:45,cargo1,1,2,CLIMB,1,1,1,5,58,-2.0,3.2,12.1,,0
2026-06-03 16:19:56,cargo3,1,2,CLIMB,1,1,1,5,52,-4.2,3.2,18.7,,0
2026-06-03 16:19:56,cargo3,1,2,CLIMB,1,1,2,5,52,-4.2,3.2,18.7,,0
2026-06-03 16:19:56,cargo3,1,2,CLIMB,1,1,2,5,52,-4.2,3.2,18.7,,0
2026-06-03 16:19:57,cargo3,1,2,CLIMB,1,1,2,5,52,-4.2,3.2,18.7,,0
2026-06-03 16:19:57,cargo3,1,2,CLIMB,1,1,2,5,52,-4.2,3.2,18.7,,0
2026-06-03 16:19:57,cargo3,1,2,CLIMB,1,1,2,5,52,-4.2,3.2,18.7,,0
2026-06-03 16:19:57,cargo3,1,2,CLIMB,1,1,2,5,52,-4.2,3.2,18.7,,0
2026-06-03 16:19:57,cargo3,1,2,CLIMB,1,1,2,5,52,-4.2,3.2,18.7,,0
2026-06-03 16:19:57,cargo3,1,2,CLIMB,1,1,2,5,52,-4.2,3.2,18.7,,0
2026-06-03 16:19:57,cargo3,1,2,CLIMB,1,1,2,5,52,-4.2,3.2,18.7,,0
2026-06-03 16:19:57,cargo3,1,2,CLIMB,1,1,2,5,52,-4.2,3.2,18.7,,0
2026-06-03 16:19:57,cargo3,1,2,CLIMB,1,1,2,5,52,-4.2,3.2,18.7,,0
2026-06-03 16:19:57,cargo3,1,2,CLIMB,1,1,2,5,52,-4.2,3.2,18.7,,0
2026-06-03 16:19:57,cargo3,1,2,CLIMB,1,1,2,5,52,-4.2,3.2,18.7,,0
2026-06-03 16:19:57,cargo3,1,2,CLIMB,1,1,2,5,52,-4.2,3.2,18.7,,0
2026-06-03 16:19:57,cargo3,1,2,CLIMB,1,1,2,5,52,-4.2,3.2,18.7,,0
2026-06-03 16:19:58,cargo3,1,2,CLIMB,1,1,2,5,52,-4.2,3.2,18.7,,0
2026-06-03 16:19:58,cargo3,1,2,CLIMB,1,1,2,5,52,-4.2,3.2,18.7,,0
2026-06-03 16:19:58,cargo3,1,2,CLIMB,1,1,2,5,52,-4.2,3.2,18.7,,0
2026-06-03 16:19:58,cargo3,1,2,CLIMB,1,1,2,5,51,-4.2,3.2,18.8,,0
2026-06-03 16:19:58,cargo3,1,2,CLIMB,1,1,2,5,51,-4.2,3.2,18.9,,0
2026-06-03 16:19:58,cargo3,1,2,CLIMB,1,1,2,5,51,-4.2,3.2,19.0,,0
2026-06-03 16:19:58,cargo3,1,2,CLIMB,1,1,2,5,51,-4.2,3.2,19.1,,0
2026-06-03 16:19:58,cargo3,1,2,CLIMB,1,1,2,5,51,-4.2,3.2,19.1,,0
2026-06-03 16:19:58,cargo3,1,2,CLIMB,1,1,2,5,51,-4.2,3.2,19.2,,0
2026-06-03 16:19:58,cargo3,1,2,CLIMB,1,1,2,5,51,-4.2,3.2,19.3,,0
2026-06-03 16:19:58,cargo3,1,2,CLIMB,1,1,2,5,51,-4.2,3.2,19.4,,0
2026-06-03 16:19:58,cargo3,1,2,CLIMB,1,1,2,5,51,-4.2,3.2,19.4,,0
2026-06-03 16:19:58,cargo3,1,2,CLIMB,1,1,2,5,51,-4.2,3.2,19.5,,0
2026-06-03 16:19:59,cargo3,1,2,CLIMB,1,1,2,5,51,-4.2,3.2,19.6,,0
2026-06-03 16:19:59,cargo3,1,2,CLIMB,1,1,2,5,51,-4.2,3.2,19.7,,0
2026-06-03 16:23:02,cargo1,1,2,CLIMB,1,1,0,5,79,-1.9,3.9,4.0,,0
2026-06-03 16:23:03,cargo1,1,2,CLIMB,1,1,1,5,78,-1.9,3.9,3.2,,0
2026-06-03 16:23:04,cargo1,1,2,CLIMB,1,1,1,5,78,-1.9,3.9,3.7,,0
2026-06-03 16:23:05,cargo1,1,2,CLIMB,1,1,1,5,77,-3.4,3.9,5.9,,0
2026-06-03 16:23:07,cargo1,1,2,CLIMB,1,1,1,5,76,-4.9,3.9,9.0,,0
2026-06-03 16:23:13,cargo3,1,2,CLIMB,1,1,1,5,73,-5.2,3.9,18.6,,0
2026-06-03 16:23:13,cargo3,1,2,CLIMB,1,1,2,5,73,-5.5,3.9,19.1,,0
2026-06-03 16:23:18,cargo5,1,2,CLIMB,1,1,2,5,71,-8.8,3.9,25.7,,0
2026-06-03 16:23:50,cargo2,1,2,CLIMB,1,1,3,5,63,-8.7,3.9,47.0,,0
2026-06-03 16:23:51,cargo6,1,2,CLIMB,1,1,4,5,63,-8.1,3.9,45.0,,0
2026-06-03 16:24:04,cargo12,1,2,CLIMB,1,2,0,5,62,-6.2,3.9,40.6,,0
2026-06-03 16:24:09,cargo12,1,2,CLIMB,1,2,1,5,61,-4.3,3.9,37.3,,0
2026-06-03 16:24:22,cargo4,1,2,CLIMB,1,2,1,5,61,-13.7,3.9,46.7,,0
2026-06-03 16:24:22,cargo4,1,2,CLIMB,1,2,2,5,61,-13.7,3.9,46.7,,0
2026-06-03 16:24:23,cargo4,1,2,CLIMB,1,2,2,5,60,-13.7,3.9,46.7,,0
2026-06-03 16:24:23,cargo4,1,2,CLIMB,1,2,2,5,60,-13.7,3.9,46.7,,0
2026-06-03 16:24:24,cargo4,1,2,CLIMB,1,2,2,5,60,-13.1,3.9,45.1,,0
2026-06-03 16:24:28,cargo12,1,2,CLIMB,1,2,2,5,60,-9.3,3.9,37.5,,0
2026-06-03 16:24:29,cargo12,1,2,CLIMB,1,2,2,5,60,-9.3,3.9,37.5,,0
2026-06-03 16:24:30,cargo12,1,2,CLIMB,1,2,2,5,60,-9.3,3.9,37.5,,0
2026-06-03 16:24:30,cargo12,1,2,CLIMB,1,2,2,5,60,-9.3,3.9,36.9,,0
2026-06-03 16:24:30,cargo12,1,2,CLIMB,1,2,2,5,60,-9.3,3.9,36.6,,0
2026-06-03 16:24:30,cargo12,1,2,CLIMB,1,2,2,5,60,-9.3,3.9,36.2,,0
2026-06-03 16:24:31,cargo12,1,2,CLIMB,1,2,2,5,60,-9.3,3.9,35.8,,0
2026-06-03 16:24:31,cargo12,1,2,CLIMB,1,2,2,5,59,-9.3,3.9,34.9,,0
2026-06-03 16:24:33,cargo9,1,2,CLIMB,1,2,2,5,59,-7.0,3.9,30.4,,0
2026-06-03 16:24:34,cargo9,1,2,CLIMB,1,2,3,5,59,-6.6,3.9,29.6,,0
2026-06-03 16:24:34,cargo9,1,2,CLIMB,1,2,3,5,59,-6.3,3.9,29.0,,0
2026-06-03 16:24:35,cargo9,1,2,CLIMB,1,2,3,5,59,-6.1,3.4,28.0,,0
2026-06-03 16:24:35,cargo9,1,2,CLIMB,1,2,3,5,59,-5.8,3.4,27.5,,0
2026-06-03 16:24:35,cargo9,1,2,CLIMB,1,2,3,5,59,-5.8,3.4,27.4,,0
2026-06-03 16:24:35,cargo9,1,2,CLIMB,1,2,3,5,59,-5.7,3.4,27.2,,0
2026-06-03 16:24:35,cargo9,1,2,CLIMB,1,2,3,5,59,-5.6,3.4,27.1,,0
2026-06-03 16:24:35,cargo9,1,2,CLIMB,1,2,3,5,59,-5.5,3.4,26.9,,0
2026-06-03 16:24:36,cargo9,1,2,CLIMB,1,2,3,5,59,-5.4,3.4,26.7,,0
2026-06-03 16:24:42,cargo8,1,2,CLIMB,1,2,3,5,59,-0.6,3.4,24.6,,0
2026-06-03 16:24:43,cargo8,1,2,CLIMB,1,2,4,5,58,-0.6,3.4,24.0,,0
2026-06-03 16:24:44,cargo8,1,2,CLIMB,1,2,4,5,58,-0.6,3.4,24.0,,0
2026-06-03 16:24:44,cargo8,1,2,CLIMB,1,2,4,5,58,-0.2,3.4,23.2,,0
2026-06-03 16:24:45,cargo8,1,2,CLIMB,1,2,4,5,58,0.4,3.4,22.0,,0
2026-06-03 16:24:45,cargo8,1,2,CLIMB,1,2,4,5,58,0.6,3.4,21.6,,0
2026-06-03 16:24:46,cargo8,1,2,CLIMB,1,2,4,5,58,1.7,3.4,19.3,,0
2026-06-03 16:24:46,cargo7,1,2,CLIMB,1,2,4,5,58,2.0,3.4,18.7,,0
2026-06-03 16:24:57,cargo1,1,2,CLIMB,2,1,0,5,57,2.2,3.4,18.2,,0
2026-06-03 16:24:58,cargo3,1,2,CLIMB,2,1,0,5,56,0.7,3.4,21.2,,0
2026-06-03 16:24:59,cargo3,1,2,CLIMB,2,1,0,5,56,-0.4,3.4,23.4,,0
